1399612,0
acpq_1995_0069_0003_0485_0501&pdfname=acpq_1995_0069_0003_0091_0107,29
project_muse_596651,128
2184977,19
project_muse_383238,50
20126883,1
20532746,18
project_muse_382681,1
project_muse_385510,0
WINKLER-2010-Philosophical_Books,16
ContentServer.asp-8,0
fshow,1
project_muse_382726,57
pq21-0324,13
Gilead2008_Article_AHumeanArgumentForPersonalIden,0
26303717,0
project_muse_382731,0
project_muse_388509,4
acpq_1990_0064_0002_0233_0247,1
out,196
Prolegomena_11_2_2012_Article_Lybaert,0
Schwerin2012_Article_HumeOnTheSelf,18
1398236,0
project_muse_439818,0
31448-231447-1-PB,109
20708617,7
project_muse_388443,32
ipq_2004_0044_0002_0276_0278&pdfname=ipq_2004_0044_0002_0134_0136,5
2653404-2,24
2182635,0
Levin2007_Article_BundlingHumeWithKripkenstein,4
project_muse_439820,42
humes_theory_of_the_self_and_its_identity,0
20131803,0
project_muse_389389,1
SIRTCO.1,0
project_muse_403836,93
40232176,107
project_muse_228761,88
2660181,4
project_muse_389409,0
pq30-0061,0
project_muse_383319,0
project_muse_388506,49
project_muse_553401,241
2239-Article Text-2582-1-10-20140925,1
project_muse_383297,0
project_muse_391081,42
project_muse_388507,43
project_muse_511194,1
20009239,0
533Cottrell,341
project_muse_399569,0
project_muse_227867,39
project_muse_388510,15
project_muse_383344,24
project_muse_382933,18
pq9-0097,0
ContentServer.asp-6,11
27744766,0
Flage_et_al-1984-The_Southern_Journal_of_Philosophy,17
Projection and Realism in Hume s Philosophy,0
27902511,0
project_muse_365207,0
Projection and Realism in Hume's Philosophy coventry review,7
ContentServer.asp-7,0
project_muse_383386,124
9780470776377.ch8,114
ContentServer.asp-5,0
27745095,76
ContentServer.asp-4,38
41441496,23
43155096,0
2106947,0
project_muse_389493,0
humes_theory_of_the_self_revisited,0
Kail-2008-European_Journal_of_Philosophy,72
fzt013,0
ContentServer.asp-3,6
24439665,21
23598030,0
project_muse_390704,12
ContentServer.asp-2,0
project_muse_389490,0
3327575,0
MURRAY-1993-Ethos,0
