1399612,26
acpq_1995_0069_0003_0485_0501&pdfname=acpq_1995_0069_0003_0091_0107,36
project_muse_596651,131
2184977,19
project_muse_383238,77
20126883,10
20532746,47
project_muse_382681,1
project_muse_385510,18
WINKLER-2010-Philosophical_Books,95
ContentServer.asp-8,20
project_muse_382726,85
pq21-0324,30
Gilead2008_Article_AHumeanArgumentForPersonalIden,7
26303717,1
project_muse_382731,24
project_muse_388509,5
acpq_1990_0064_0002_0233_0247,59
out,207
Prolegomena_11_2_2012_Article_Lybaert,5
Schwerin2012_Article_HumeOnTheSelf,18
1398236,0
project_muse_439818,0
31448-231447-1-PB,118
20708617,56
project_muse_388443,41
ipq_2004_0044_0002_0276_0278&pdfname=ipq_2004_0044_0002_0134_0136,17
2653404-2,29
2182635,0
Levin2007_Article_BundlingHumeWithKripkenstein,42
project_muse_439820,44
humes_theory_of_the_self_and_its_identity,17
20131803,17
project_muse_389389,4
SIRTCO.1,0
project_muse_403836,101
40232176,128
project_muse_228761,109
2660181,18
project_muse_389409,0
pq30-0061,14
project_muse_383319,10
project_muse_388506,66
project_muse_553401,270
2239-Article Text-2582-1-10-20140925,2
project_muse_383297,0
project_muse_391081,60
project_muse_388507,57
project_muse_511194,8
533Cottrell,345
project_muse_399569,2
project_muse_227867,49
project_muse_388510,22
project_muse_383344,33
project_muse_382933,20
pq9-0097,22
ContentServer.asp-6,84
27744766,24
Flage_et_al-1984-The_Southern_Journal_of_Philosophy,18
Projection and Realism in Hume s Philosophy,0
27902511,0
project_muse_365207,5
Projection and Realism in Hume's Philosophy coventry review,25
ContentServer.asp-7,5
project_muse_383386,125
9780470776377.ch8,120
ContentServer.asp-5,5
27745095,77
ContentServer.asp-4,38
41441496,26
43155096,2
2106947,10
project_muse_389493,14
humes_theory_of_the_self_revisited,6
Kail-2008-European_Journal_of_Philosophy,75
fzt013,19
ContentServer.asp-3,31
24439665,29
23598030,0
project_muse_390704,13
ContentServer.asp-2,0
project_muse_389490,17
3327575,8
MURRAY-1993-Ethos,0
